1710153522485,Main,INFO,{"yellow":"yellow","red":"red"}
1710153522485,Main,INFO,{"yellow":"yellow","red":"red"}
1710153522485,Main,INFO,{"yellow":"yellow","red":"red"}
1710153522485,Main,INFO,{"yellow":"yellow","red":"red"}
1710153522485,Main,INFO,{"yellow":"yellow","red":"red"}
1710153522485,Main,INFO,{"yellow":"yellow","red":"red"}
1710153522485,Main,INFO,{"yellow":"yellow","red":"red"}
1710153522485,Main,INFO,{"yellow":"yellow","red":"red"}
1710153522486,Main,INFO,{"apple":"apple","banana":"banana"},{"yellow":"yellow","red":"red"}
1710153522486,Main,INFO,{"apple":"apple","banana":"banana"},{"yellow":"yellow","red":"red"}
1710153522486,Main,INFO,{"apple":"apple","banana":"banana"},{"yellow":"yellow","red":"red"}
1710153522486,Main,INFO,{"apple":"apple","banana":"banana"},{"yellow":"yellow","red":"red"}
1710153522486,Main,INFO,{"apple":"apple","banana":"banana"},{"yellow":"yellow","red":"red"}
1710153522486,Main,INFO,{"apple":"apple","banana":"banana"},{"yellow":"yellow","red":"red"}
1710153522486,Main,INFO,{"apple":"apple","banana":"banana"},{"yellow":"yellow","red":"red"}
1710153522486,Main,INFO,{"apple":"apple","banana":"banana"},{"yellow":"yellow","red":"red"}
1710153522487,Main,ERROR,"ERROR occur: My log"
1710153522487,Main,ERROR,"ERROR occur: My log"
1710153522487,Main,ERROR,"ERROR occur: My log"
1710153522487,Main,ERROR,"ERROR occur: My log"
1710153522487,Main,ERROR,"ERROR occur: My log"
1710153522487,Main,ERROR,"ERROR occur: My log"
1710153522487,Main,ERROR,"ERROR occur: My log"
1710153522487,Main,ERROR,"ERROR occur: My log"
1710153522487,Main,DEBUG,{"apple":"apple","banana":"banana"}
1710153522487,Main,DEBUG,{"apple":"apple","banana":"banana"}
1710153522487,Main,DEBUG,{"apple":"apple","banana":"banana"}
1710153522487,Main,DEBUG,{"apple":"apple","banana":"banana"}
1710153522487,Main,DEBUG,{"apple":"apple","banana":"banana"}
1710153522487,Main,DEBUG,{"apple":"apple","banana":"banana"}
1710153522487,Main,DEBUG,{"apple":"apple","banana":"banana"}
1710153522487,Main,DEBUG,{"apple":"apple","banana":"banana"}
1710153522487,Main,TRACE,{"apple":"apple","banana":"banana"}
1710153522487,Main,TRACE,{"apple":"apple","banana":"banana"}
1710153522487,Main,TRACE,{"apple":"apple","banana":"banana"}
1710153522487,Main,TRACE,{"apple":"apple","banana":"banana"}
1710153522487,Main,TRACE,{"apple":"apple","banana":"banana"}
1710153522487,Main,TRACE,{"apple":"apple","banana":"banana"}
1710153522487,Main,TRACE,{"apple":"apple","banana":"banana"}
1710153522487,Main,TRACE,{"apple":"apple","banana":"banana"}
1710153522487,handler.js,INFO,"First operand 3"
1710153522487,handler.js,INFO,"First operand 3"
1710153522487,handler.js,INFO,"First operand 3"
1710153522487,handler.js,INFO,"First operand 3"
1710153522487,handler.js,INFO,"First operand 3"
1710153522487,handler.js,INFO,"First operand 3"
1710153522487,handler.js,INFO,"First operand 3"
1710153522487,handler.js,INFO,"First operand 3"
1710153522487,handler.js,INFO,"Second operand 5"
1710153522487,handler.js,INFO,"Second operand 5"
1710153522487,handler.js,INFO,"Second operand 5"
1710153522487,handler.js,INFO,"Second operand 5"
1710153522487,handler.js,INFO,"Second operand 5"
1710153522487,handler.js,INFO,"Second operand 5"
1710153522487,handler.js,INFO,"Second operand 5"
1710153522487,handler.js,INFO,"Second operand 5"
